{"cameraMode":{"drawMode":0,"name":"Shaded","section":"Shading Mode"},"sceneLighting":false,"audioPlay":false,"sceneViewState":{"showFog":true,"showMaterialUpdate":false,"showSkybox":false,"showFlares":true,"showImageEffects":true,"showParticleSystems":true},"in2DMode":false,"pivot":{"x":-0.952774703502655,"y":1.0590895414352418,"z":-2.2575736045837404},"rotation":{"x":0.260371595621109,"y":0.21388904750347138,"z":-0.059266019612550738,"w":0.9396594762802124},"size":0.5660253763198853,"orthographic":false}