{"cameraMode":{"drawMode":0,"name":"Shaded","section":"Shading Mode"},"sceneLighting":false,"audioPlay":false,"sceneViewState":{"showFog":true,"showMaterialUpdate":false,"showSkybox":false,"showFlares":true,"showImageEffects":true,"showParticleSystems":true},"in2DMode":false,"pivot":{"x":0.24405162036418916,"y":-0.04326927661895752,"z":-0.7138582468032837},"rotation":{"x":-0.3105551302433014,"y":0.494295209646225,"z":-0.19474513828754426,"w":-0.7882433533668518},"size":1.4660253524780274,"orthographic":false}