{"cameraMode":{"drawMode":0,"name":"Shaded","section":"Shading Mode"},"sceneLighting":false,"audioPlay":false,"sceneViewState":{"showFog":true,"showMaterialUpdate":false,"showSkybox":false,"showFlares":true,"showImageEffects":true,"showParticleSystems":true},"in2DMode":false,"pivot":{"x":0.034989338368177417,"y":-0.7720805406570435,"z":0.08203456550836563},"rotation":{"x":0.06844966858625412,"y":-0.9194573760032654,"z":0.3401266932487488,"w":0.18505148589611054},"size":2.0660252571105959,"orthographic":false}